{
  "complete_blood_count":,
      "ranges": [
        {
          "population": "male",
          "low": 13.5,
          "high": 17.5,
          "unit": "g/dL"
        },
        {
          "population": "female",
          "low": 12.0,
          "high": 16.0,
          "unit": "g/dL"
        }
      ]
    },
    {
      "parameter": "White Blood Cell Count",
      "aliases":,
      "ranges": [
        {
          "population": "general",
          "low": 4.5,
          "high": 11.0,
          "unit": "x 10^9/L"
        }
      ]
    },
    {
      "parameter": "Platelet Count",
      "aliases":,
      "ranges": [
        {
          "population": "general",
          "low": 150,
          "high": 400,
          "unit": "x 10^9/L"
        }
      ]
    }
  ],
  "liver_function_test":,
      "ranges": [
        {
          "population": "general",
          "low": 10,
          "high": 40,
          "unit": "U/L"
        }
      ]
    },
    {
      "parameter": "Aspartate Aminotransferase",
      "aliases":,
      "ranges": [
        {
          "population": "general",
          "low": 12,
          "high": 38,
          "unit": "U/L"
        }
      ]
    }
  ]
}